{"keyset":{"lweSecretKeys":[{"id":0,"params":{"lweDimension":1955,"integerPrecision":64,"keyType":"binary"}}],"lweBootstrapKeys":[],"lweKeyswitchKeys":[],"packingKeyswitchKeys":[]},"circuits":[{"inputs":[{"rawInfo":{"shape":{"dimensions":[1,128,1956]},"integerPrecision":64,"isSigned":false},"typeInfo":{"lweCiphertext":{"abstractShape":{"dimensions":[1,128]},"concreteShape":{"dimensions":[1,128,1956]},"integerPrecision":64,"encryption":{"keyId":0,"variance":3.0674321942082692e-30,"lweDimension":1955,"modulus":{"modulus":{"native":{}}}},"compression":"none","encoding":{"integer":{"width":30,"isSigned":true,"mode":{"native":{}}}}}}}],"outputs":[{"rawInfo":{"shape":{"dimensions":[1,41,1956]},"integerPrecision":64,"isSigned":false},"typeInfo":{"lweCiphertext":{"abstractShape":{"dimensions":[1,41]},"concreteShape":{"dimensions":[1,41,1956]},"integerPrecision":64,"encryption":{"keyId":0,"variance":3.0674321942082692e-30,"lweDimension":1955,"modulus":{"modulus":{"native":{}}}},"compression":"none","encoding":{"integer":{"width":30,"isSigned":true,"mode":{"native":{}}}}}}}],"name":"main"}]}